Axiom,label
SubClassOf(<http://dbpedia.org/ontology/Architect> <http://dbpedia.org/ontology/Deputy>),0
SubClassOf(<http://dbpedia.org/ontology/AcademicJournal> <http://dbpedia.org/ontology/Sound>),0
SubClassOf(<http://dbpedia.org/ontology/Comic> <http://dbpedia.org/ontology/RailwayStation>),0
SubClassOf(<http://dbpedia.org/ontology/Star> <http://dbpedia.org/ontology/Locality>),0
SubClassOf(<http://dbpedia.org/ontology/RailwayTunnel> <http://dbpedia.org/ontology/Tournament>),0
SubClassOf(<http://dbpedia.org/ontology/Star> <http://dbpedia.org/ontology/Disease>),0
SubClassOf(<http://dbpedia.org/ontology/VideoGame> <http://dbpedia.org/ontology/GolfCourse>),0
SubClassOf(<http://dbpedia.org/ontology/Song> <http://dbpedia.org/ontology/Letter>),0
SubClassOf(<http://dbpedia.org/ontology/Play> <http://dbpedia.org/ontology/AcademicJournal>),0
SubClassOf(<http://dbpedia.org/ontology/Single> <http://dbpedia.org/ontology/Manga>),0
SubClassOf(<http://dbpedia.org/ontology/Document> <http://dbpedia.org/ontology/Sculpture>),0
SubClassOf(<http://dbpedia.org/ontology/ClassicalMusicComposition> <http://dbpedia.org/ontology/Letter>),0
SubClassOf(<http://dbpedia.org/ontology/Venue> <http://dbpedia.org/ontology/Fungus>),0
SubClassOf(<http://dbpedia.org/ontology/TelevisionEpisode> <http://dbpedia.org/ontology/Opera>),0
SubClassOf(<http://dbpedia.org/ontology/Star> <http://dbpedia.org/ontology/Rocket>),0
SubClassOf(<http://dbpedia.org/ontology/Depth> <http://dbpedia.org/ontology/Population>),0
SubClassOf(<http://dbpedia.org/ontology/Newspaper> <http://dbpedia.org/ontology/Sculpture>),0
SubClassOf(<http://dbpedia.org/ontology/Drama> <http://dbpedia.org/ontology/Satellite>),0
SubClassOf(<http://dbpedia.org/ontology/SnookerWorldRanking> <http://dbpedia.org/ontology/Artwork>),0
SubClassOf(<http://dbpedia.org/ontology/SportsSeason> <http://dbpedia.org/ontology/Song>),0
SubClassOf(<http://dbpedia.org/ontology/Brain> <http://dbpedia.org/ontology/BoardGame>),0
SubClassOf(<http://dbpedia.org/ontology/Sound> <http://dbpedia.org/ontology/Play>),0
SubClassOf(<http://dbpedia.org/ontology/Dog> <http://dbpedia.org/ontology/Artery>),0
SubClassOf(<http://dbpedia.org/ontology/Employer> <http://dbpedia.org/ontology/Criminal>),0
SubClassOf(<http://dbpedia.org/ontology/Taxon> <http://dbpedia.org/ontology/HollywoodCartoon>),0
SubClassOf(<http://dbpedia.org/ontology/Treadmill> <http://dbpedia.org/ontology/ArchitecturalStructure>),0
SubClassOf(<http://dbpedia.org/ontology/Mollusca> <http://dbpedia.org/ontology/ChemicalSubstance>),0
SubClassOf(<http://dbpedia.org/ontology/Gnetophytes> <http://dbpedia.org/ontology/Animal>),0
SubClassOf(<http://dbpedia.org/ontology/Software> <http://dbpedia.org/ontology/ComicStrip>),0
SubClassOf(<http://dbpedia.org/ontology/MusicalWork> <http://dbpedia.org/ontology/Newspaper>),0
SubClassOf(<http://dbpedia.org/ontology/TennisLeague> <http://dbpedia.org/ontology/SoccerPlayer>),0
SubClassOf(<http://dbpedia.org/ontology/NaturalPlace> <http://dbpedia.org/ontology/Case>),0
SubClassOf(<http://dbpedia.org/ontology/MilitaryVehicle> <http://dbpedia.org/ontology/Bird>),0
SubClassOf(<http://dbpedia.org/ontology/TelevisionShow> <http://dbpedia.org/ontology/Statistic>),0
SubClassOf(<http://dbpedia.org/ontology/Pope> <http://dbpedia.org/ontology/FormulaOneTeam>),0
SubClassOf(<http://dbpedia.org/ontology/HorseRace> <http://dbpedia.org/ontology/AmusementParkAttraction>),0
SubClassOf(<http://dbpedia.org/ontology/SoccerManager> <http://dbpedia.org/ontology/BaseballTeam>),0
SubClassOf(<http://dbpedia.org/ontology/BiologicalDatabase> <http://dbpedia.org/ontology/Tunnel>),0
SubClassOf(<http://dbpedia.org/ontology/Letter> <http://dbpedia.org/ontology/Guitar>),0
SubClassOf(<http://dbpedia.org/ontology/MusicGenre> <http://dbpedia.org/ontology/Memorial>),0
SubClassOf(<http://dbpedia.org/ontology/Racecourse> <http://dbpedia.org/ontology/AmusementParkAttraction>),0
SubClassOf(<http://dbpedia.org/ontology/Garden> <http://dbpedia.org/ontology/Quote>),0
SubClassOf(<http://dbpedia.org/ontology/Wrestler> <http://dbpedia.org/ontology/AmericanFootballCoach>),0
SubClassOf(<http://dbpedia.org/ontology/WaterRide> <http://dbpedia.org/ontology/RailwayLine>),0
SubClassOf(<http://dbpedia.org/ontology/PoliticalParty> <http://dbpedia.org/ontology/HorseRider>),0
SubClassOf(<http://dbpedia.org/ontology/Ligament> <http://dbpedia.org/ontology/Artwork>),0
SubClassOf(<http://dbpedia.org/ontology/Planet> <http://dbpedia.org/ontology/Rebellion>),0
SubClassOf(<http://dbpedia.org/ontology/BasketballLeague> <http://dbpedia.org/ontology/CricketTeam>),0
SubClassOf(<http://dbpedia.org/ontology/Muscle> <http://dbpedia.org/ontology/RailwayStation>),0
SubClassOf(<http://dbpedia.org/ontology/State> <http://dbpedia.org/ontology/BoardGame>),0
SubClassOf(<http://dbpedia.org/ontology/AustralianFootballTeam> <http://dbpedia.org/ontology/SquashPlayer>),0
SubClassOf(<http://dbpedia.org/ontology/PeriodicalLiterature> <http://dbpedia.org/ontology/Document>),0
SubClassOf(<http://dbpedia.org/ontology/Agglomeration> <http://dbpedia.org/ontology/Locomotive>),0
SubClassOf(<http://dbpedia.org/ontology/Humorist> <http://dbpedia.org/ontology/PokerPlayer>),0
SubClassOf(<http://dbpedia.org/ontology/Philosopher> <http://dbpedia.org/ontology/OrganisationMember>),0
SubClassOf(<http://dbpedia.org/ontology/SkiArea> <http://dbpedia.org/ontology/Synagogue>),0
SubClassOf(<http://dbpedia.org/ontology/Tax> <http://dbpedia.org/ontology/Genre>),0
SubClassOf(<http://dbpedia.org/ontology/TelevisionEpisode> <http://dbpedia.org/ontology/Poem>),0
SubClassOf(<http://dbpedia.org/ontology/Mollusca> <http://dbpedia.org/ontology/YearInSpaceflight>),0
SubClassOf(<http://dbpedia.org/ontology/Asteroid> <http://dbpedia.org/ontology/PowerStation>),0
SubClassOf(<http://dbpedia.org/ontology/Annotation> <http://dbpedia.org/ontology/Racecourse>),0
SubClassOf(<http://dbpedia.org/ontology/PeriodicalLiterature> <http://dbpedia.org/ontology/ClassicalMusicComposition>),0
SubClassOf(<http://dbpedia.org/ontology/Planet> <http://dbpedia.org/ontology/FloweringPlant>),0
SubClassOf(<http://dbpedia.org/ontology/Play> <http://dbpedia.org/ontology/Magazine>),0
SubClassOf(<http://dbpedia.org/ontology/Song> <http://dbpedia.org/ontology/AcademicJournal>),0
SubClassOf(<http://dbpedia.org/ontology/ClubMoss> <http://dbpedia.org/ontology/GolfCourse>),0
SubClassOf(<http://dbpedia.org/ontology/Database> <http://dbpedia.org/ontology/FloweringPlant>),0
SubClassOf(<http://dbpedia.org/ontology/ShoppingMall> <http://dbpedia.org/ontology/Reptile>),0
SubClassOf(<http://dbpedia.org/ontology/Novel> <http://dbpedia.org/ontology/Newspaper>),0
SubClassOf(<http://dbpedia.org/ontology/MilitaryStructure> <http://dbpedia.org/ontology/Album>),0
SubClassOf(<http://dbpedia.org/ontology/Single> <http://dbpedia.org/ontology/Archive>),0
SubClassOf(<http://dbpedia.org/ontology/Newspaper> <http://dbpedia.org/ontology/Image>),0
SubClassOf(<http://dbpedia.org/ontology/Letter> <http://dbpedia.org/ontology/Opera>),0
SubClassOf(<http://dbpedia.org/ontology/CultivatedVariety> <http://dbpedia.org/ontology/PowerStation>),0
SubClassOf(<http://dbpedia.org/ontology/MythologicalFigure> <http://dbpedia.org/ontology/Deputy>),0
SubClassOf(<http://dbpedia.org/ontology/Mine> <http://dbpedia.org/ontology/ShoppingMall>),0
SubClassOf(<http://dbpedia.org/ontology/Racecourse> <http://dbpedia.org/ontology/ArchitecturalStructure>),0
SubClassOf(<http://dbpedia.org/ontology/Sound> <http://dbpedia.org/ontology/Territory>),0
SubClassOf(<http://dbpedia.org/ontology/Tax> <http://dbpedia.org/ontology/Album>),0
SubClassOf(<http://dbpedia.org/ontology/Type> <http://dbpedia.org/ontology/Vein>),0
SubClassOf(<http://dbpedia.org/ontology/Engine> <http://dbpedia.org/ontology/PersonFunction>),0
SubClassOf(<http://dbpedia.org/ontology/Artwork> <http://dbpedia.org/ontology/Port>),0
SubClassOf(<http://dbpedia.org/ontology/RailwayLine> <http://dbpedia.org/ontology/Ginkgo>),0
SubClassOf(<http://dbpedia.org/ontology/Stadium> <http://dbpedia.org/ontology/SportsTeamSeason>),0
SubClassOf(<http://dbpedia.org/ontology/Sculptor> <http://dbpedia.org/ontology/MotorcycleRacingLeague>),0
SubClassOf(<http://dbpedia.org/ontology/TelevisionSeason> <http://dbpedia.org/ontology/Anime>),0
SubClassOf(<http://dbpedia.org/ontology/Prison> <http://dbpedia.org/ontology/ChemicalSubstance>),0
SubClassOf(<http://dbpedia.org/ontology/GridironFootballPlayer> <http://dbpedia.org/ontology/AdultActor>),0
SubClassOf(<http://dbpedia.org/ontology/FilmFestival> <http://dbpedia.org/ontology/Website>),0
SubClassOf(<http://dbpedia.org/ontology/Swimmer> <http://dbpedia.org/ontology/Psychologist>),0
SubClassOf(<http://dbpedia.org/ontology/Animal> <http://dbpedia.org/ontology/Bridge>),0
SubClassOf(<http://dbpedia.org/ontology/WaterRide> <http://dbpedia.org/ontology/Fungus>),0
SubClassOf(<http://dbpedia.org/ontology/Medician> <http://dbpedia.org/ontology/AustralianRulesFootballPlayer>),0
SubClassOf(<http://dbpedia.org/ontology/SportsEvent> <http://dbpedia.org/ontology/MicroRegion>),0
SubClassOf(<http://dbpedia.org/ontology/SoccerClub> <http://dbpedia.org/ontology/Poet>),0
SubClassOf(<http://dbpedia.org/ontology/PeriodicalLiterature> <http://dbpedia.org/ontology/Lake>),0
SubClassOf(<http://dbpedia.org/ontology/Gene> <http://dbpedia.org/ontology/Beverage>),0
SubClassOf(<http://dbpedia.org/ontology/Altitude> <http://dbpedia.org/ontology/Motorcycle>),0
SubClassOf(<http://dbpedia.org/ontology/PeriodicalLiterature> <http://dbpedia.org/ontology/Artwork>),0
SubClassOf(<http://dbpedia.org/ontology/Medician> <http://dbpedia.org/ontology/AnimangaCharacter>),0
SubClassOf(<http://dbpedia.org/ontology/AmericanFootballCoach> <http://dbpedia.org/ontology/Winery>),0
SubClassOf(<http://dbpedia.org/ontology/Newspaper> <http://dbpedia.org/ontology/ArtistDiscography>),0
SubClassOf(<http://dbpedia.org/ontology/MusicalWork> <http://dbpedia.org/ontology/Reference>),0
SubClassOf(<http://dbpedia.org/ontology/AustralianFootballLeague> <http://dbpedia.org/ontology/School>),0
SubClassOf(<http://dbpedia.org/ontology/RadioProgram> <http://dbpedia.org/ontology/Canal>),0
SubClassOf(<http://dbpedia.org/ontology/SpeedwayLeague> <http://dbpedia.org/ontology/Architect>),0
SubClassOf(<http://dbpedia.org/ontology/Skyscraper> <http://dbpedia.org/ontology/Bird>),0
SubClassOf(<http://dbpedia.org/ontology/HumanGene> <http://dbpedia.org/ontology/BiologicalDatabase>),0
SubClassOf(<http://dbpedia.org/ontology/Case> <http://dbpedia.org/ontology/EurovisionSongContestEntry>),0
SubClassOf(<http://dbpedia.org/ontology/InlineHockeyLeague> <http://dbpedia.org/ontology/Model>),0
SubClassOf(<http://dbpedia.org/ontology/Star> <http://dbpedia.org/ontology/Lighthouse>),0
SubClassOf(<http://dbpedia.org/ontology/WrittenWork> <http://dbpedia.org/ontology/Volcano>),0
SubClassOf(<http://dbpedia.org/ontology/Vodka> <http://dbpedia.org/ontology/GeneLocation>),0
SubClassOf(<http://dbpedia.org/ontology/Fashion> <http://dbpedia.org/ontology/Fungus>),0
SubClassOf(<http://dbpedia.org/ontology/Archive> <http://dbpedia.org/ontology/Flag>),0
SubClassOf(<http://dbpedia.org/ontology/Painting> <http://dbpedia.org/ontology/Play>),0
SubClassOf(<http://dbpedia.org/ontology/EthnicGroup> <http://dbpedia.org/ontology/RailwayTunnel>),0
SubClassOf(<http://dbpedia.org/ontology/Newspaper> <http://dbpedia.org/ontology/Reference>),0
SubClassOf(<http://dbpedia.org/ontology/Memorial> <http://dbpedia.org/ontology/ChemicalCompound>),0
SubClassOf(<http://dbpedia.org/ontology/Sales> <http://dbpedia.org/ontology/Reptile>),0
SubClassOf(<http://dbpedia.org/ontology/Website> <http://dbpedia.org/ontology/Manga>),0
SubClassOf(<http://dbpedia.org/ontology/Actor> <http://dbpedia.org/ontology/Non-ProfitOrganisation>),0
SubClassOf(<http://dbpedia.org/ontology/NationalFootballLeagueSeason> <http://dbpedia.org/ontology/SoccerTournament>),0
SubClassOf(<http://dbpedia.org/ontology/Enzyme> <http://dbpedia.org/ontology/Area>),0
SubClassOf(<http://dbpedia.org/ontology/RugbyLeague> <http://dbpedia.org/ontology/Scientist>),0
SubClassOf(<http://dbpedia.org/ontology/Artwork> <http://dbpedia.org/ontology/Abbey>),0
SubClassOf(<http://dbpedia.org/ontology/VideoGame> <http://dbpedia.org/ontology/EurovisionSongContestEntry>),0
SubClassOf(<http://dbpedia.org/ontology/Cartoon> <http://dbpedia.org/ontology/Document>),0
SubClassOf(<http://dbpedia.org/ontology/Year> <http://dbpedia.org/ontology/Lighthouse>),0
SubClassOf(<http://dbpedia.org/ontology/Pope> <http://dbpedia.org/ontology/Baronet>),0
SubClassOf(<http://dbpedia.org/ontology/SolarEclipse> <http://dbpedia.org/ontology/CricketGround>),0
SubClassOf(<http://dbpedia.org/ontology/AcademicJournal> <http://dbpedia.org/ontology/Opera>),0
SubClassOf(<http://dbpedia.org/ontology/BusCompany> <http://dbpedia.org/ontology/SoccerLeague>),0
SubClassOf(<http://dbpedia.org/ontology/Skyscraper> <http://dbpedia.org/ontology/MountainPass>),0
SubClassOf(<http://dbpedia.org/ontology/Manga> <http://dbpedia.org/ontology/Database>),0
SubClassOf(<http://dbpedia.org/ontology/TradeUnion> <http://dbpedia.org/ontology/IceHockeyLeague>),0
SubClassOf(<http://dbpedia.org/ontology/Monarch> <http://dbpedia.org/ontology/ChessPlayer>),0
SubClassOf(<http://dbpedia.org/ontology/Valley> <http://dbpedia.org/ontology/Diocese>),0
SubClassOf(<http://dbpedia.org/ontology/SoftballLeague> <http://dbpedia.org/ontology/SpeedwayLeague>),0
SubClassOf(<http://dbpedia.org/ontology/Canal> <http://dbpedia.org/ontology/WineRegion>),0
SubClassOf(<http://dbpedia.org/ontology/SoccerClubSeason> <http://dbpedia.org/ontology/NaturalPlace>),0
SubClassOf(<http://dbpedia.org/ontology/CurlingLeague> <http://dbpedia.org/ontology/Politician>),0
SubClassOf(<http://dbpedia.org/ontology/TradeUnion> <http://dbpedia.org/ontology/SnookerPlayer>),0
SubClassOf(<http://dbpedia.org/ontology/WaterwayTunnel> <http://dbpedia.org/ontology/Currency>),0
SubClassOf(<http://dbpedia.org/ontology/AmericanFootballCoach> <http://dbpedia.org/ontology/GolfPlayer>),0
SubClassOf(<http://dbpedia.org/ontology/Embryology> <http://dbpedia.org/ontology/Bird>),0
SubClassOf(<http://dbpedia.org/ontology/Holiday> <http://dbpedia.org/ontology/City>),0
SubClassOf(<http://dbpedia.org/ontology/Anime> <http://dbpedia.org/ontology/ProgrammingLanguage>),0
SubClassOf(<http://dbpedia.org/ontology/Port> <http://dbpedia.org/ontology/UnitOfWork>),0
SubClassOf(<http://dbpedia.org/ontology/Artwork> <http://dbpedia.org/ontology/Territory>),0
SubClassOf(<http://dbpedia.org/ontology/TableTennisPlayer> <http://dbpedia.org/ontology/SpeedSkater>),0
SubClassOf(<http://dbpedia.org/ontology/Gnetophytes> <http://dbpedia.org/ontology/Camera>),0
SubClassOf(<http://dbpedia.org/ontology/Letter> <http://dbpedia.org/ontology/HollywoodCartoon>),0
SubClassOf(<http://dbpedia.org/ontology/SpaceShuttle> <http://dbpedia.org/ontology/Arachnid>),0
SubClassOf(<http://dbpedia.org/ontology/Non-ProfitOrganisation> <http://dbpedia.org/ontology/OrganisationMember>),0
SubClassOf(<http://dbpedia.org/ontology/Professor> <http://dbpedia.org/ontology/PublicTransitSystem>),0
SubClassOf(<http://dbpedia.org/ontology/ArtistDiscography> <http://dbpedia.org/ontology/Poem>),0
SubClassOf(<http://dbpedia.org/ontology/Diocese> <http://dbpedia.org/ontology/Pyramid>),0
SubClassOf(<http://dbpedia.org/ontology/Constellation> <http://dbpedia.org/ontology/Place>),0
SubClassOf(<http://dbpedia.org/ontology/GolfCourse> <http://dbpedia.org/ontology/Beer>),0
SubClassOf(<http://dbpedia.org/ontology/SoccerManager> <http://dbpedia.org/ontology/MythologicalFigure>),0
SubClassOf(<http://dbpedia.org/ontology/Instrument> <http://dbpedia.org/ontology/Polyhedron>),0
SubClassOf(<http://dbpedia.org/ontology/MusicalWork> <http://dbpedia.org/ontology/PeriodicalLiterature>),0
SubClassOf(<http://dbpedia.org/ontology/Mayor> <http://dbpedia.org/ontology/File>),0
SubClassOf(<http://dbpedia.org/ontology/CricketLeague> <http://dbpedia.org/ontology/TennisPlayer>),0
SubClassOf(<http://dbpedia.org/ontology/Image> <http://dbpedia.org/ontology/HollywoodCartoon>),0
SubClassOf(<http://dbpedia.org/ontology/Enzyme> <http://dbpedia.org/ontology/Beach>),0
SubClassOf(<http://dbpedia.org/ontology/Manga> <http://dbpedia.org/ontology/Software>),0
SubClassOf(<http://dbpedia.org/ontology/ProtectedArea> <http://dbpedia.org/ontology/Contest>),0
SubClassOf(<http://dbpedia.org/ontology/Comic> <http://dbpedia.org/ontology/HollywoodCartoon>),0
SubClassOf(<http://dbpedia.org/ontology/Painter> <http://dbpedia.org/ontology/Bank>),0
SubClassOf(<http://dbpedia.org/ontology/WaterRide> <http://dbpedia.org/ontology/SportsEvent>),0
SubClassOf(<http://dbpedia.org/ontology/Caterer> <http://dbpedia.org/ontology/School>),0
SubClassOf(<http://dbpedia.org/ontology/Guitar> <http://dbpedia.org/ontology/Restaurant>),0
SubClassOf(<http://dbpedia.org/ontology/FashionDesigner> <http://dbpedia.org/ontology/Cleric>),0
SubClassOf(<http://dbpedia.org/ontology/CanadianFootballTeam> <http://dbpedia.org/ontology/ScreenWriter>),0
SubClassOf(<http://dbpedia.org/ontology/Motorcycle> <http://dbpedia.org/ontology/InformationAppliance>),0
SubClassOf(<http://dbpedia.org/ontology/Guitar> <http://dbpedia.org/ontology/Locomotive>),0
SubClassOf(<http://dbpedia.org/ontology/Document> <http://dbpedia.org/ontology/TelevisionEpisode>),0
SubClassOf(<http://dbpedia.org/ontology/PeriodicalLiterature> <http://dbpedia.org/ontology/HistoricBuilding>),0
SubClassOf(<http://dbpedia.org/ontology/Noble> <http://dbpedia.org/ontology/FormulaOneTeam>),0
SubClassOf(<http://dbpedia.org/ontology/Drama> <http://dbpedia.org/ontology/ArtistDiscography>),0
SubClassOf(<http://dbpedia.org/ontology/Hotel> <http://dbpedia.org/ontology/Manhua>),0
SubClassOf(<http://dbpedia.org/ontology/ArtistDiscography> <http://dbpedia.org/ontology/Software>),0
SubClassOf(<http://dbpedia.org/ontology/ClericalAdministrativeRegion> <http://dbpedia.org/ontology/Venue>),0
SubClassOf(<http://dbpedia.org/ontology/Sound> <http://dbpedia.org/ontology/Archive>),0
SubClassOf(<http://dbpedia.org/ontology/Mine> <http://dbpedia.org/ontology/Prefecture>),0
SubClassOf(<http://dbpedia.org/ontology/FictionalCharacter> <http://dbpedia.org/ontology/GaelicGamesPlayer>),0
SubClassOf(<http://dbpedia.org/ontology/Artwork> <http://dbpedia.org/ontology/Musical>),0
SubClassOf(<http://dbpedia.org/ontology/Sales> <http://dbpedia.org/ontology/GreenAlga>),0
SubClassOf(<http://dbpedia.org/ontology/Celebrity> <http://dbpedia.org/ontology/Sculptor>),0
SubClassOf(<http://dbpedia.org/ontology/ReligiousBuilding> <http://dbpedia.org/ontology/Automobile>),0
SubClassOf(<http://dbpedia.org/ontology/RailwayStation> <http://dbpedia.org/ontology/Valley>),0
SubClassOf(<http://dbpedia.org/ontology/UnitOfWork> <http://dbpedia.org/ontology/Profession>),0
SubClassOf(<http://dbpedia.org/ontology/Volcano> <http://dbpedia.org/ontology/Amphibian>),0
SubClassOf(<http://dbpedia.org/ontology/SnookerWorldRanking> <http://dbpedia.org/ontology/Demographics>),0
SubClassOf(<http://dbpedia.org/ontology/Document> <http://dbpedia.org/ontology/Quote>),0
SubClassOf(<http://dbpedia.org/ontology/Drama> <http://dbpedia.org/ontology/Newspaper>),0
SubClassOf(<http://dbpedia.org/ontology/AcademicJournal> <http://dbpedia.org/ontology/Poem>),0
SubClassOf(<http://dbpedia.org/ontology/Airline> <http://dbpedia.org/ontology/RadioHost>),0
SubClassOf(<http://dbpedia.org/ontology/Treadmill> <http://dbpedia.org/ontology/Constellation>),0
SubClassOf(<http://dbpedia.org/ontology/WrittenWork> <http://dbpedia.org/ontology/Sculpture>),0
SubClassOf(<http://dbpedia.org/ontology/EurovisionSongContestEntry> <http://dbpedia.org/ontology/AmusementParkAttraction>),0
SubClassOf(<http://dbpedia.org/ontology/Fern> <http://dbpedia.org/ontology/Venue>),0
SubClassOf(<http://dbpedia.org/ontology/VideoGame> <http://dbpedia.org/ontology/Newspaper>),0
SubClassOf(<http://dbpedia.org/ontology/RaceTrack> <http://dbpedia.org/ontology/Ocean>),0
SubClassOf(<http://dbpedia.org/ontology/YearInSpaceflight> <http://dbpedia.org/ontology/SpaceStation>),0
SubClassOf(<http://dbpedia.org/ontology/Instrument> <http://dbpedia.org/ontology/MilitaryVehicle>),0
SubClassOf(<http://dbpedia.org/ontology/Artery> <http://dbpedia.org/ontology/Parish>),0
SubClassOf(<http://dbpedia.org/ontology/Engine> <http://dbpedia.org/ontology/Novel>),0
SubClassOf(<http://dbpedia.org/ontology/ArtistDiscography> <http://dbpedia.org/ontology/GolfTournament>),0
SubClassOf(<http://dbpedia.org/ontology/Spacecraft> <http://dbpedia.org/ontology/HistoricBuilding>),0
SubClassOf(<http://dbpedia.org/ontology/Archive> <http://dbpedia.org/ontology/MountainPass>),0
SubClassOf(<http://dbpedia.org/ontology/Mineral> <http://dbpedia.org/ontology/GrandPrix>),0
SubClassOf(<http://dbpedia.org/ontology/Deanery> <http://dbpedia.org/ontology/Community>),0
SubClassOf(<http://dbpedia.org/ontology/Mayor> <http://dbpedia.org/ontology/SolarEclipse>),0
SubClassOf(<http://dbpedia.org/ontology/PeriodicalLiterature> <http://dbpedia.org/ontology/Comic>),0
SubClassOf(<http://dbpedia.org/ontology/Organ> <http://dbpedia.org/ontology/Film>),0
SubClassOf(<http://dbpedia.org/ontology/Tournament> <http://dbpedia.org/ontology/Weapon>),0
SubClassOf(<http://dbpedia.org/ontology/HockeyTeam> <http://dbpedia.org/ontology/AmateurBoxer>),0
SubClassOf(<http://dbpedia.org/ontology/SongWriter> <http://dbpedia.org/ontology/Monarch>),0
SubClassOf(<http://dbpedia.org/ontology/RadioStation> <http://dbpedia.org/ontology/OrganisationMember>),0
SubClassOf(<http://dbpedia.org/ontology/Holiday> <http://dbpedia.org/ontology/Image>),0
SubClassOf(<http://dbpedia.org/ontology/Skyscraper> <http://dbpedia.org/ontology/Mill>),0
SubClassOf(<http://dbpedia.org/ontology/Skyscraper> <http://dbpedia.org/ontology/Play>),0
SubClassOf(<http://dbpedia.org/ontology/Novel> <http://dbpedia.org/ontology/ClassicalMusicComposition>),0
SubClassOf(<http://dbpedia.org/ontology/BodyOfWater> <http://dbpedia.org/ontology/Rocket>),0
SubClassOf(<http://dbpedia.org/ontology/Sales> <http://dbpedia.org/ontology/Mine>),0
SubClassOf(<http://dbpedia.org/ontology/Spacecraft> <http://dbpedia.org/ontology/Flag>),0
SubClassOf(<http://dbpedia.org/ontology/TennisLeague> <http://dbpedia.org/ontology/HorseTrainer>),0
SubClassOf(<http://dbpedia.org/ontology/Manga> <http://dbpedia.org/ontology/ClassicalMusicComposition>),0
SubClassOf(<http://dbpedia.org/ontology/AcademicJournal> <http://dbpedia.org/ontology/MusicalWork>),0
SubClassOf(<http://dbpedia.org/ontology/ClassicalMusicComposition> <http://dbpedia.org/ontology/Musical>),0
SubClassOf(<http://dbpedia.org/ontology/CanadianFootballTeam> <http://dbpedia.org/ontology/AnimangaCharacter>),0
SubClassOf(<http://dbpedia.org/ontology/PeriodicalLiterature> <http://dbpedia.org/ontology/Manga>),0
SubClassOf(<http://dbpedia.org/ontology/Cyclist> <http://dbpedia.org/ontology/PoliticalParty>),0
SubClassOf(<http://dbpedia.org/ontology/FootballLeagueSeason> <http://dbpedia.org/ontology/AnatomicalStructure>),0
SubClassOf(<http://dbpedia.org/ontology/Sculptor> <http://dbpedia.org/ontology/AustralianFootballLeague>),0
SubClassOf(<http://dbpedia.org/ontology/BaseballSeason> <http://dbpedia.org/ontology/Sport>),0
SubClassOf(<http://dbpedia.org/ontology/Image> <http://dbpedia.org/ontology/Opera>),0
SubClassOf(<http://dbpedia.org/ontology/Lipid> <http://dbpedia.org/ontology/Moss>),0
SubClassOf(<http://dbpedia.org/ontology/Song> <http://dbpedia.org/ontology/ArtistDiscography>),0
SubClassOf(<http://dbpedia.org/ontology/Biathlete> <http://dbpedia.org/ontology/BeautyQueen>),0
SubClassOf(<http://dbpedia.org/ontology/Drama> <http://dbpedia.org/ontology/VideoGame>),0
SubClassOf(<http://dbpedia.org/ontology/Treadmill> <http://dbpedia.org/ontology/River>),0
SubClassOf(<http://dbpedia.org/ontology/ChemicalSubstance> <http://dbpedia.org/ontology/SportsTeamSeason>),0
SubClassOf(<http://dbpedia.org/ontology/FloweringPlant> <http://dbpedia.org/ontology/RailwayStation>),0
SubClassOf(<http://dbpedia.org/ontology/Swarm> <http://dbpedia.org/ontology/Medicine>),0
SubClassOf(<http://dbpedia.org/ontology/Rower> <http://dbpedia.org/ontology/BadmintonPlayer>),0
SubClassOf(<http://dbpedia.org/ontology/Game> <http://dbpedia.org/ontology/Racecourse>),0
SubClassOf(<http://dbpedia.org/ontology/Guitar> <http://dbpedia.org/ontology/Aircraft>),0
SubClassOf(<http://dbpedia.org/ontology/Play> <http://dbpedia.org/ontology/Manga>),0
SubClassOf(<http://dbpedia.org/ontology/Fungus> <http://dbpedia.org/ontology/YearInSpaceflight>),0
SubClassOf(<http://dbpedia.org/ontology/BadmintonPlayer> <http://dbpedia.org/ontology/Saint>),0
SubClassOf(<http://dbpedia.org/ontology/Medicine> <http://dbpedia.org/ontology/RailwayTunnel>),0
SubClassOf(<http://dbpedia.org/ontology/Criminal> <http://dbpedia.org/ontology/Photographer>),0
SubClassOf(<http://dbpedia.org/ontology/NascarDriver> <http://dbpedia.org/ontology/Medician>),0
SubClassOf(<http://dbpedia.org/ontology/Medicine> <http://dbpedia.org/ontology/Surname>),0
SubClassOf(<http://dbpedia.org/ontology/Food> <http://dbpedia.org/ontology/SpaceShuttle>),0
SubClassOf(<http://dbpedia.org/ontology/GreenAlga> <http://dbpedia.org/ontology/Dam>),0
SubClassOf(<http://dbpedia.org/ontology/PublicTransitSystem> <http://dbpedia.org/ontology/ComicsCharacter>),0
SubClassOf(<http://dbpedia.org/ontology/Tunnel> <http://dbpedia.org/ontology/Vodka>),0
SubClassOf(<http://dbpedia.org/ontology/Crustacean> <http://dbpedia.org/ontology/HistoricBuilding>),0
SubClassOf(<http://dbpedia.org/ontology/Cartoon> <http://dbpedia.org/ontology/Painting>),0
SubClassOf(<http://dbpedia.org/ontology/PlayWright> <http://dbpedia.org/ontology/Curler>),0
SubClassOf(<http://dbpedia.org/ontology/Bridge> <http://dbpedia.org/ontology/Mosque>),0
SubClassOf(<http://dbpedia.org/ontology/RaceTrack> <http://dbpedia.org/ontology/Quote>),0
SubClassOf(<http://dbpedia.org/ontology/Engine> <http://dbpedia.org/ontology/Amphibian>),0
SubClassOf(<http://dbpedia.org/ontology/Planet> <http://dbpedia.org/ontology/Theatre>),0
SubClassOf(<http://dbpedia.org/ontology/MilitaryVehicle> <http://dbpedia.org/ontology/Album>),0
SubClassOf(<http://dbpedia.org/ontology/SoccerTournament> <http://dbpedia.org/ontology/Weapon>),0
SubClassOf(<http://dbpedia.org/ontology/Manhwa> <http://dbpedia.org/ontology/Insect>),0
SubClassOf(<http://dbpedia.org/ontology/RadioStation> <http://dbpedia.org/ontology/Dog>),0
SubClassOf(<http://dbpedia.org/ontology/Protein> <http://dbpedia.org/ontology/Garden>),0
SubClassOf(<http://dbpedia.org/ontology/BaseballSeason> <http://dbpedia.org/ontology/ClericalAdministrativeRegion>),0
SubClassOf(<http://dbpedia.org/ontology/EurovisionSongContestEntry> <http://dbpedia.org/ontology/ProtectedArea>),0
SubClassOf(<http://dbpedia.org/ontology/Stream> <http://dbpedia.org/ontology/Ginkgo>),0
SubClassOf(<http://dbpedia.org/ontology/Currency> <http://dbpedia.org/ontology/Windmill>),0
SubClassOf(<http://dbpedia.org/ontology/Biomolecule> <http://dbpedia.org/ontology/Synagogue>),0
SubClassOf(<http://dbpedia.org/ontology/Murderer> <http://dbpedia.org/ontology/Bodybuilder>),0
SubClassOf(<http://dbpedia.org/ontology/SocietalEvent> <http://dbpedia.org/ontology/Plant>),0
SubClassOf(<http://dbpedia.org/ontology/TelevisionEpisode> <http://dbpedia.org/ontology/MilitaryStructure>),0
SubClassOf(<http://dbpedia.org/ontology/SocietalEvent> <http://dbpedia.org/ontology/MicroRegion>),0
SubClassOf(<http://dbpedia.org/ontology/CyclingRace> <http://dbpedia.org/ontology/WrestlingEvent>),0
SubClassOf(<http://dbpedia.org/ontology/RaceHorse> <http://dbpedia.org/ontology/Cartoon>),0
SubClassOf(<http://dbpedia.org/ontology/Anime> <http://dbpedia.org/ontology/Poem>),0
SubClassOf(<http://dbpedia.org/ontology/AmericanFootballLeague> <http://dbpedia.org/ontology/Celebrity>),0
SubClassOf(<http://dbpedia.org/ontology/Ginkgo> <http://dbpedia.org/ontology/Fish>),0
SubClassOf(<http://dbpedia.org/ontology/RaceTrack> <http://dbpedia.org/ontology/ArchitecturalStructure>),0
SubClassOf(<http://dbpedia.org/ontology/Magazine> <http://dbpedia.org/ontology/Anime>),0
SubClassOf(<http://dbpedia.org/ontology/Quote> <http://dbpedia.org/ontology/Work>),0
SubClassOf(<http://dbpedia.org/ontology/Fashion> <http://dbpedia.org/ontology/Nerve>),0
SubClassOf(<http://dbpedia.org/ontology/Cleric> <http://dbpedia.org/ontology/AmateurBoxer>),0
SubClassOf(<http://dbpedia.org/ontology/Holiday> <http://dbpedia.org/ontology/RadioProgram>),0
SubClassOf(<http://dbpedia.org/ontology/Magazine> <http://dbpedia.org/ontology/Poem>),0
SubClassOf(<http://dbpedia.org/ontology/Street> <http://dbpedia.org/ontology/Constellation>),0
SubClassOf(<http://dbpedia.org/ontology/Church> <http://dbpedia.org/ontology/SpaceShuttle>),0
SubClassOf(<http://dbpedia.org/ontology/AcademicJournal> <http://dbpedia.org/ontology/Painting>),0
SubClassOf(<http://dbpedia.org/ontology/WineRegion> <http://dbpedia.org/ontology/GolfTournament>),0
SubClassOf(<http://dbpedia.org/ontology/Watermill> <http://dbpedia.org/ontology/Disease>),0
SubClassOf(<http://dbpedia.org/ontology/MeanOfTransportation> <http://dbpedia.org/ontology/Novel>),0
SubClassOf(<http://dbpedia.org/ontology/Album> <http://dbpedia.org/ontology/Taxon>),0
SubClassOf(<http://dbpedia.org/ontology/Asteroid> <http://dbpedia.org/ontology/Attack>),0
SubClassOf(<http://dbpedia.org/ontology/Anime> <http://dbpedia.org/ontology/Opera>),0
SubClassOf(<http://dbpedia.org/ontology/Sound> <http://dbpedia.org/ontology/PowerStation>),0
SubClassOf(<http://dbpedia.org/ontology/RugbyClub> <http://dbpedia.org/ontology/Biologist>),0
SubClassOf(<http://dbpedia.org/ontology/Anime> <http://dbpedia.org/ontology/Artwork>),0
SubClassOf(<http://dbpedia.org/ontology/Holiday> <http://dbpedia.org/ontology/Locality>),0
SubClassOf(<http://dbpedia.org/ontology/LegalCase> <http://dbpedia.org/ontology/Decoration>),0
SubClassOf(<http://dbpedia.org/ontology/Organ> <http://dbpedia.org/ontology/Aircraft>),0
SubClassOf(<http://dbpedia.org/ontology/Royalty> <http://dbpedia.org/ontology/HorseTrainer>),0
SubClassOf(<http://dbpedia.org/ontology/Caterer> <http://dbpedia.org/ontology/Royalty>),0
SubClassOf(<http://dbpedia.org/ontology/HorseRider> <http://dbpedia.org/ontology/Comedian>),0
SubClassOf(<http://dbpedia.org/ontology/Racecourse> <http://dbpedia.org/ontology/NationalFootballLeagueSeason>),0
SubClassOf(<http://dbpedia.org/ontology/Beach> <http://dbpedia.org/ontology/Ideology>),0
SubClassOf(<http://dbpedia.org/ontology/ChemicalCompound> <http://dbpedia.org/ontology/Abbey>),0
SubClassOf(<http://dbpedia.org/ontology/Organ> <http://dbpedia.org/ontology/Wine>),0
SubClassOf(<http://dbpedia.org/ontology/OlympicResult> <http://dbpedia.org/ontology/LacrossePlayer>),0
SubClassOf(<http://dbpedia.org/ontology/Bank> <http://dbpedia.org/ontology/Lipid>),0
SubClassOf(<http://dbpedia.org/ontology/HumanGene> <http://dbpedia.org/ontology/BasketballTeam>),0
SubClassOf(<http://dbpedia.org/ontology/Pope> <http://dbpedia.org/ontology/CultivatedVariety>),0
SubClassOf(<http://dbpedia.org/ontology/ClericalAdministrativeRegion> <http://dbpedia.org/ontology/Tax>),0
SubClassOf(<http://dbpedia.org/ontology/Prefecture> <http://dbpedia.org/ontology/GivenName>),0
SubClassOf(<http://dbpedia.org/ontology/Astronaut> <http://dbpedia.org/ontology/Tax>),0
SubClassOf(<http://dbpedia.org/ontology/Swarm> <http://dbpedia.org/ontology/Celebrity>),0
SubClassOf(<http://dbpedia.org/ontology/NationalFootballLeagueSeason> <http://dbpedia.org/ontology/Politician>),0
SubClassOf(<http://dbpedia.org/ontology/Magazine> <http://dbpedia.org/ontology/Congressman>),0
SubClassOf(<http://dbpedia.org/ontology/Skier> <http://dbpedia.org/ontology/Name>),0
SubClassOf(<http://dbpedia.org/ontology/Lawyer> <http://dbpedia.org/ontology/TelevisionEpisode>),0
SubClassOf(<http://dbpedia.org/ontology/LawFirm> <http://dbpedia.org/ontology/WrittenWork>),0
SubClassOf(<http://dbpedia.org/ontology/Asteroid> <http://dbpedia.org/ontology/SubMunicipality>),0
SubClassOf(<http://dbpedia.org/ontology/Canoeist> <http://dbpedia.org/ontology/Surname>),0
SubClassOf(<http://dbpedia.org/ontology/PopulatedPlace> <http://dbpedia.org/ontology/Grape>),0
SubClassOf(<http://dbpedia.org/ontology/TableTennisPlayer> <http://dbpedia.org/ontology/CricketLeague>),0
SubClassOf(<http://dbpedia.org/ontology/Psychologist> <http://dbpedia.org/ontology/Nerve>),0
SubClassOf(<http://dbpedia.org/ontology/Canoeist> <http://dbpedia.org/ontology/ChemicalSubstance>),0
SubClassOf(<http://dbpedia.org/ontology/NCAATeamSeason> <http://dbpedia.org/ontology/VoiceActor>),0
SubClassOf(<http://dbpedia.org/ontology/Skater> <http://dbpedia.org/ontology/TennisLeague>),0
SubClassOf(<http://dbpedia.org/ontology/Biologist> <http://dbpedia.org/ontology/Device>),0
SubClassOf(<http://dbpedia.org/ontology/AdministrativeRegion> <http://dbpedia.org/ontology/Asteroid>),0
SubClassOf(<http://dbpedia.org/ontology/Magazine> <http://dbpedia.org/ontology/TennisLeague>),0
SubClassOf(<http://dbpedia.org/ontology/Host> <http://dbpedia.org/ontology/Moss>),0
SubClassOf(<http://dbpedia.org/ontology/AcademicJournal> <http://dbpedia.org/ontology/Pope>),0
SubClassOf(<http://dbpedia.org/ontology/MythologicalFigure> <http://dbpedia.org/ontology/Polyhedron>),0
SubClassOf(<http://dbpedia.org/ontology/Aircraft> <http://dbpedia.org/ontology/TradeUnion>),0
SubClassOf(<http://dbpedia.org/ontology/Manhwa> <http://dbpedia.org/ontology/Archeologist>),0
SubClassOf(<http://dbpedia.org/ontology/Anime> <http://dbpedia.org/ontology/Legislature>),0
SubClassOf(<http://dbpedia.org/ontology/Document> <http://dbpedia.org/ontology/CareerStation>),0
SubClassOf(<http://dbpedia.org/ontology/Constellation> <http://dbpedia.org/ontology/Presenter>),0
SubClassOf(<http://dbpedia.org/ontology/Planet> <http://dbpedia.org/ontology/Dancer>),0
SubClassOf(<http://dbpedia.org/ontology/Governor> <http://dbpedia.org/ontology/ClubMoss>),0
SubClassOf(<http://dbpedia.org/ontology/ChemicalSubstance> <http://dbpedia.org/ontology/AmateurBoxer>),0
SubClassOf(<http://dbpedia.org/ontology/AdultActor> <http://dbpedia.org/ontology/VideoGame>),0
SubClassOf(<http://dbpedia.org/ontology/Depth> <http://dbpedia.org/ontology/SoccerLeague>),0
SubClassOf(<http://dbpedia.org/ontology/Comic> <http://dbpedia.org/ontology/Aristocrat>),0
SubClassOf(<http://dbpedia.org/ontology/SportsTeamMember> <http://dbpedia.org/ontology/Annotation>),0
SubClassOf(<http://dbpedia.org/ontology/Disease> <http://dbpedia.org/ontology/Non-ProfitOrganisation>),0
SubClassOf(<http://dbpedia.org/ontology/TradeUnion> <http://dbpedia.org/ontology/Currency>),0
SubClassOf(<http://dbpedia.org/ontology/FieldHockeyLeague> <http://dbpedia.org/ontology/MusicalWork>),0
SubClassOf(<http://dbpedia.org/ontology/Wrestler> <http://dbpedia.org/ontology/Wine>),0
SubClassOf(<http://dbpedia.org/ontology/Parish> <http://dbpedia.org/ontology/Poem>),0
SubClassOf(<http://dbpedia.org/ontology/SquashPlayer> <http://dbpedia.org/ontology/ChemicalCompound>),0
SubClassOf(<http://dbpedia.org/ontology/Parish> <http://dbpedia.org/ontology/SpaceShuttle>),0
SubClassOf(<http://dbpedia.org/ontology/Curler> <http://dbpedia.org/ontology/Ligament>),0
SubClassOf(<http://dbpedia.org/ontology/Play> <http://dbpedia.org/ontology/AdministrativeRegion>),0
SubClassOf(<http://dbpedia.org/ontology/Train> <http://dbpedia.org/ontology/HandballLeague>),0
SubClassOf(<http://dbpedia.org/ontology/GivenName> <http://dbpedia.org/ontology/Humorist>),0
SubClassOf(<http://dbpedia.org/ontology/AmericanFootballLeague> <http://dbpedia.org/ontology/Surname>),0
SubClassOf(<http://dbpedia.org/ontology/MixedMartialArtsLeague> <http://dbpedia.org/ontology/List>),0
SubClassOf(<http://dbpedia.org/ontology/CareerStation> <http://dbpedia.org/ontology/Fern>),0
SubClassOf(<http://dbpedia.org/ontology/Film> <http://dbpedia.org/ontology/NationalCollegiateAthleticAssociationAthlete>),0
SubClassOf(<http://dbpedia.org/ontology/Fashion> <http://dbpedia.org/ontology/Humorist>),0
SubClassOf(<http://dbpedia.org/ontology/GridironFootballPlayer> <http://dbpedia.org/ontology/Flag>),0
SubClassOf(<http://dbpedia.org/ontology/AcademicJournal> <http://dbpedia.org/ontology/BasketballLeague>),0
SubClassOf(<http://dbpedia.org/ontology/Poet> <http://dbpedia.org/ontology/Unknown>),0
SubClassOf(<http://dbpedia.org/ontology/Database> <http://dbpedia.org/ontology/BadmintonPlayer>),0
SubClassOf(<http://dbpedia.org/ontology/EthnicGroup> <http://dbpedia.org/ontology/Deanery>),0
SubClassOf(<http://dbpedia.org/ontology/List> <http://dbpedia.org/ontology/SoftballLeague>),0
SubClassOf(<http://dbpedia.org/ontology/Medician> <http://dbpedia.org/ontology/Taxon>),0
SubClassOf(<http://dbpedia.org/ontology/TennisTournament> <http://dbpedia.org/ontology/LacrosseLeague>),0
SubClassOf(<http://dbpedia.org/ontology/Taxon> <http://dbpedia.org/ontology/SoccerLeague>),0
SubClassOf(<http://dbpedia.org/ontology/EducationalInstitution> <http://dbpedia.org/ontology/Star>),0
SubClassOf(<http://dbpedia.org/ontology/SportsTeam> <http://dbpedia.org/ontology/Song>),0
SubClassOf(<http://dbpedia.org/ontology/ArtificialSatellite> <http://dbpedia.org/ontology/GolfPlayer>),0
SubClassOf(<http://dbpedia.org/ontology/Gene> <http://dbpedia.org/ontology/Organisation>),0
SubClassOf(<http://dbpedia.org/ontology/Curler> <http://dbpedia.org/ontology/Archaea>),0
SubClassOf(<http://dbpedia.org/ontology/Meeting> <http://dbpedia.org/ontology/TennisLeague>),0
SubClassOf(<http://dbpedia.org/ontology/Noble> <http://dbpedia.org/ontology/ChemicalCompound>),0
SubClassOf(<http://dbpedia.org/ontology/Celebrity> <http://dbpedia.org/ontology/Artery>),0
SubClassOf(<http://dbpedia.org/ontology/Colour> <http://dbpedia.org/ontology/VicePresident>),0
SubClassOf(<http://dbpedia.org/ontology/Band> <http://dbpedia.org/ontology/Bone>),0
SubClassOf(<http://dbpedia.org/ontology/Cardinal> <http://dbpedia.org/ontology/SoccerClubSeason>),0
SubClassOf(<http://dbpedia.org/ontology/Broadcaster> <http://dbpedia.org/ontology/Vein>),0
SubClassOf(<http://dbpedia.org/ontology/Food> <http://dbpedia.org/ontology/FormulaOneTeam>),0
SubClassOf(<http://dbpedia.org/ontology/ArchitecturalStructure> <http://dbpedia.org/ontology/SpaceShuttle>),0
SubClassOf(<http://dbpedia.org/ontology/VolleyballLeague> <http://dbpedia.org/ontology/Race>),0
SubClassOf(<http://dbpedia.org/ontology/Winery> <http://dbpedia.org/ontology/MotorcycleRider>),0
SubClassOf(<http://dbpedia.org/ontology/Camera> <http://dbpedia.org/ontology/Curler>),0
SubClassOf(<http://dbpedia.org/ontology/SocietalEvent> <http://dbpedia.org/ontology/Event>),1
SubClassOf(<http://dbpedia.org/ontology/MilitaryPerson> <http://dbpedia.org/ontology/Agent>),1
SubClassOf(<http://dbpedia.org/ontology/Conifer> <http://dbpedia.org/ontology/Eukaryote>),1
SubClassOf(<http://dbpedia.org/ontology/Conifer> <http://dbpedia.org/ontology/Species>),1
SubClassOf(<http://dbpedia.org/ontology/Person> <http://dbpedia.org/ontology/Agent>),1
SubClassOf(<http://dbpedia.org/ontology/GaelicGamesPlayer> <http://dbpedia.org/ontology/Person>),1
SubClassOf(<http://dbpedia.org/ontology/GaelicGamesPlayer> <http://dbpedia.org/ontology/Agent>),1
SubClassOf(<http://dbpedia.org/ontology/RailwayStation> <http://dbpedia.org/ontology/Station>),1
SubClassOf(<http://dbpedia.org/ontology/Manga> <http://dbpedia.org/ontology/Work>),1
SubClassOf(<http://dbpedia.org/ontology/HollywoodCartoon> <http://dbpedia.org/ontology/Work>),1
SubClassOf(<http://dbpedia.org/ontology/MartialArtist> <http://dbpedia.org/ontology/Athlete>),1
SubClassOf(<http://dbpedia.org/ontology/ClassicalMusicArtist> <http://dbpedia.org/ontology/MusicalArtist>),1
SubClassOf(<http://dbpedia.org/ontology/ReligiousBuilding> <http://dbpedia.org/ontology/Place>),1
SubClassOf(<http://dbpedia.org/ontology/Fern> <http://dbpedia.org/ontology/Plant>),1
SubClassOf(<http://dbpedia.org/ontology/Criminal> <http://dbpedia.org/ontology/Person>),1
SubClassOf(<http://dbpedia.org/ontology/Criminal> <http://dbpedia.org/ontology/Agent>),1
SubClassOf(<http://dbpedia.org/ontology/RouteOfTransportation> <http://dbpedia.org/ontology/Infrastructure>),1
SubClassOf(<http://dbpedia.org/ontology/ClassicalMusicArtist> <http://dbpedia.org/ontology/Artist>),1
SubClassOf(<http://dbpedia.org/ontology/BaseballSeason> <http://dbpedia.org/ontology/SportsSeason>),1
SubClassOf(<http://dbpedia.org/ontology/BaseballSeason> <http://dbpedia.org/ontology/SportsTeamSeason>),1
SubClassOf(<http://dbpedia.org/ontology/AmericanFootballPlayer> <http://dbpedia.org/ontology/Athlete>),1
SubClassOf(<http://dbpedia.org/ontology/MountainRange> <http://dbpedia.org/ontology/NaturalPlace>),1
SubClassOf(<http://dbpedia.org/ontology/RouteOfTransportation> <http://dbpedia.org/ontology/ArchitecturalStructure>),1
SubClassOf(<http://dbpedia.org/ontology/Stream> <http://dbpedia.org/ontology/BodyOfWater>),1
SubClassOf(<http://dbpedia.org/ontology/Stream> <http://dbpedia.org/ontology/NaturalPlace>),1
SubClassOf(<http://dbpedia.org/ontology/RouteOfTransportation> <http://dbpedia.org/ontology/Place>),1
SubClassOf(<http://dbpedia.org/ontology/Stream> <http://dbpedia.org/ontology/Place>),1
SubClassOf(<http://dbpedia.org/ontology/Bodybuilder> <http://dbpedia.org/ontology/Agent>),1
SubClassOf(<http://dbpedia.org/ontology/FashionDesigner> <http://dbpedia.org/ontology/Person>),1
SubClassOf(<http://dbpedia.org/ontology/WrittenWork> <http://dbpedia.org/ontology/Work>),1
SubClassOf(<http://dbpedia.org/ontology/MountainRange> <http://dbpedia.org/ontology/Place>),1
SubClassOf(<http://dbpedia.org/ontology/FashionDesigner> <http://dbpedia.org/ontology/Agent>),1
SubClassOf(<http://dbpedia.org/ontology/Medician> <http://dbpedia.org/ontology/Scientist>),1
SubClassOf(<http://dbpedia.org/ontology/ComicsCreator> <http://dbpedia.org/ontology/Artist>),1
SubClassOf(<http://dbpedia.org/ontology/GolfTournament> <http://dbpedia.org/ontology/Tournament>),1
SubClassOf(<http://dbpedia.org/ontology/GolfTournament> <http://dbpedia.org/ontology/SocietalEvent>),1
SubClassOf(<http://dbpedia.org/ontology/GolfTournament> <http://dbpedia.org/ontology/SportsEvent>),1
SubClassOf(<http://dbpedia.org/ontology/GolfTournament> <http://dbpedia.org/ontology/Event>),1
SubClassOf(<http://dbpedia.org/ontology/ComicsCreator> <http://dbpedia.org/ontology/Person>),1
SubClassOf(<http://dbpedia.org/ontology/MartialArtist> <http://dbpedia.org/ontology/Person>),1
SubClassOf(<http://dbpedia.org/ontology/MartialArtist> <http://dbpedia.org/ontology/Agent>),1
SubClassOf(<http://dbpedia.org/ontology/HistoricPlace> <http://dbpedia.org/ontology/Place>),1
SubClassOf(<http://dbpedia.org/ontology/HistoricBuilding> <http://dbpedia.org/ontology/ArchitecturalStructure>),1
SubClassOf(<http://dbpedia.org/ontology/HistoricBuilding> <http://dbpedia.org/ontology/Building>),1
SubClassOf(<http://dbpedia.org/ontology/ComicsCreator> <http://dbpedia.org/ontology/Agent>),1
SubClassOf(<http://dbpedia.org/ontology/Royalty> <http://dbpedia.org/ontology/Person>),1
SubClassOf(<http://dbpedia.org/ontology/Royalty> <http://dbpedia.org/ontology/Agent>),1
SubClassOf(<http://dbpedia.org/ontology/Fern> <http://dbpedia.org/ontology/Species>),1
SubClassOf(<http://dbpedia.org/ontology/Fern> <http://dbpedia.org/ontology/Eukaryote>),1
SubClassOf(<http://dbpedia.org/ontology/HistoricBuilding> <http://dbpedia.org/ontology/Place>),1
SubClassOf(<http://dbpedia.org/ontology/Fungus> <http://dbpedia.org/ontology/Eukaryote>),1
SubClassOf(<http://dbpedia.org/ontology/MusicalArtist> <http://dbpedia.org/ontology/Artist>),1
SubClassOf(<http://dbpedia.org/ontology/BodyOfWater> <http://dbpedia.org/ontology/NaturalPlace>),1
SubClassOf(<http://dbpedia.org/ontology/TelevisionEpisode> <http://dbpedia.org/ontology/Work>),1
SubClassOf(<http://dbpedia.org/ontology/BodyOfWater> <http://dbpedia.org/ontology/Place>),1
SubClassOf(<http://dbpedia.org/ontology/BaseballPlayer> <http://dbpedia.org/ontology/Athlete>),1
SubClassOf(<http://dbpedia.org/ontology/OlympicEvent> <http://dbpedia.org/ontology/SocietalEvent>),1
SubClassOf(<http://dbpedia.org/ontology/OlympicEvent> <http://dbpedia.org/ontology/SportsEvent>),1
SubClassOf(<http://dbpedia.org/ontology/OlympicEvent> <http://dbpedia.org/ontology/Event>),1
SubClassOf(<http://dbpedia.org/ontology/Reptile> <http://dbpedia.org/ontology/Animal>),1
SubClassOf(<http://dbpedia.org/ontology/Reptile> <http://dbpedia.org/ontology/Eukaryote>),1
SubClassOf(<http://dbpedia.org/ontology/Reptile> <http://dbpedia.org/ontology/Species>),1
SubClassOf(<http://dbpedia.org/ontology/Fish> <http://dbpedia.org/ontology/Animal>),1
SubClassOf(<http://dbpedia.org/ontology/Fish> <http://dbpedia.org/ontology/Eukaryote>),1
SubClassOf(<http://dbpedia.org/ontology/GreenAlga> <http://dbpedia.org/ontology/Species>),1
SubClassOf(<http://dbpedia.org/ontology/AdultActor> <http://dbpedia.org/ontology/Artist>),1
SubClassOf(<http://dbpedia.org/ontology/Anime> <http://dbpedia.org/ontology/Cartoon>),1
SubClassOf(<http://dbpedia.org/ontology/Fish> <http://dbpedia.org/ontology/Species>),1
SubClassOf(<http://dbpedia.org/ontology/Medician> <http://dbpedia.org/ontology/Agent>),1
SubClassOf(<http://dbpedia.org/ontology/Medician> <http://dbpedia.org/ontology/Person>),1
SubClassOf(<http://dbpedia.org/ontology/Cricketer> <http://dbpedia.org/ontology/Agent>),1
SubClassOf(<http://dbpedia.org/ontology/Cricketer> <http://dbpedia.org/ontology/Person>),1
SubClassOf(<http://dbpedia.org/ontology/Noble> <http://dbpedia.org/ontology/Agent>),1
SubClassOf(<http://dbpedia.org/ontology/Noble> <http://dbpedia.org/ontology/Person>),1
SubClassOf(<http://dbpedia.org/ontology/Instrumentalist> <http://dbpedia.org/ontology/Agent>),1
SubClassOf(<http://dbpedia.org/ontology/Instrumentalist> <http://dbpedia.org/ontology/Person>),1
SubClassOf(<http://dbpedia.org/ontology/FigureSkater> <http://dbpedia.org/ontology/Person>),1
SubClassOf(<http://dbpedia.org/ontology/FigureSkater> <http://dbpedia.org/ontology/Agent>),1
SubClassOf(<http://dbpedia.org/ontology/FigureSkater> <http://dbpedia.org/ontology/WinterSportPlayer>),1
SubClassOf(<http://dbpedia.org/ontology/FigureSkater> <http://dbpedia.org/ontology/Athlete>),1
SubClassOf(<http://dbpedia.org/ontology/ClassicalMusicArtist> <http://dbpedia.org/ontology/Person>),1
SubClassOf(<http://dbpedia.org/ontology/ClassicalMusicArtist> <http://dbpedia.org/ontology/Agent>),1
SubClassOf(<http://dbpedia.org/ontology/TennisPlayer> <http://dbpedia.org/ontology/Athlete>),1
SubClassOf(<http://dbpedia.org/ontology/ChessPlayer> <http://dbpedia.org/ontology/Agent>),1
SubClassOf(<http://dbpedia.org/ontology/ChessPlayer> <http://dbpedia.org/ontology/Person>),1
SubClassOf(<http://dbpedia.org/ontology/ChessPlayer> <http://dbpedia.org/ontology/Athlete>),1
SubClassOf(<http://dbpedia.org/ontology/PrimeMinister> <http://dbpedia.org/ontology/Politician>),1
SubClassOf(<http://dbpedia.org/ontology/Fungus> <http://dbpedia.org/ontology/Species>),1
SubClassOf(<http://dbpedia.org/ontology/BaseballPlayer> <http://dbpedia.org/ontology/Person>),1
SubClassOf(<http://dbpedia.org/ontology/BaseballPlayer> <http://dbpedia.org/ontology/Agent>),1
SubClassOf(<http://dbpedia.org/ontology/OlympicEvent> <http://dbpedia.org/ontology/Olympics>),1
SubClassOf(<http://dbpedia.org/ontology/TennisPlayer> <http://dbpedia.org/ontology/Agent>),1
SubClassOf(<http://dbpedia.org/ontology/TennisPlayer> <http://dbpedia.org/ontology/Person>),1
SubClassOf(<http://dbpedia.org/ontology/AmericanFootballPlayer> <http://dbpedia.org/ontology/Person>),1
SubClassOf(<http://dbpedia.org/ontology/AmericanFootballPlayer> <http://dbpedia.org/ontology/Agent>),1
SubClassOf(<http://dbpedia.org/ontology/Amphibian> <http://dbpedia.org/ontology/Species>),1
SubClassOf(<http://dbpedia.org/ontology/Amphibian> <http://dbpedia.org/ontology/Eukaryote>),1
SubClassOf(<http://dbpedia.org/ontology/Amphibian> <http://dbpedia.org/ontology/Animal>),1
SubClassOf(<http://dbpedia.org/ontology/ChristianBishop> <http://dbpedia.org/ontology/Cleric>),1
SubClassOf(<http://dbpedia.org/ontology/Anime> <http://dbpedia.org/ontology/Work>),1
SubClassOf(<http://dbpedia.org/ontology/Astronaut> <http://dbpedia.org/ontology/Agent>),1
SubClassOf(<http://dbpedia.org/ontology/Astronaut> <http://dbpedia.org/ontology/Person>),1
SubClassOf(<http://dbpedia.org/ontology/NascarDriver> <http://dbpedia.org/ontology/Person>),1
SubClassOf(<http://dbpedia.org/ontology/NascarDriver> <http://dbpedia.org/ontology/Agent>),1
SubClassOf(<http://dbpedia.org/ontology/Crustacean> <http://dbpedia.org/ontology/Animal>),1
SubClassOf(<http://dbpedia.org/ontology/Crustacean> <http://dbpedia.org/ontology/Eukaryote>),1
SubClassOf(<http://dbpedia.org/ontology/PrimeMinister> <http://dbpedia.org/ontology/Agent>),1
SubClassOf(<http://dbpedia.org/ontology/PrimeMinister> <http://dbpedia.org/ontology/Person>),1
SubClassOf(<http://dbpedia.org/ontology/VolleyballPlayer> <http://dbpedia.org/ontology/Athlete>),1
SubClassOf(<http://dbpedia.org/ontology/ClubMoss> <http://dbpedia.org/ontology/Species>),1
SubClassOf(<http://dbpedia.org/ontology/ClubMoss> <http://dbpedia.org/ontology/Plant>),1
SubClassOf(<http://dbpedia.org/ontology/ClubMoss> <http://dbpedia.org/ontology/Eukaryote>),1
SubClassOf(<http://dbpedia.org/ontology/Crustacean> <http://dbpedia.org/ontology/Species>),1
SubClassOf(<http://dbpedia.org/ontology/PokerPlayer> <http://dbpedia.org/ontology/Athlete>),1
SubClassOf(<http://dbpedia.org/ontology/AdultActor> <http://dbpedia.org/ontology/Actor>),1
SubClassOf(<http://dbpedia.org/ontology/VoiceActor> <http://dbpedia.org/ontology/Artist>),1
SubClassOf(<http://dbpedia.org/ontology/AnimangaCharacter> <http://dbpedia.org/ontology/ComicsCharacter>),1
SubClassOf(<http://dbpedia.org/ontology/AnimangaCharacter> <http://dbpedia.org/ontology/Agent>),1
SubClassOf(<http://dbpedia.org/ontology/AnimangaCharacter> <http://dbpedia.org/ontology/Person>),1
SubClassOf(<http://dbpedia.org/ontology/AnimangaCharacter> <http://dbpedia.org/ontology/FictionalCharacter>),1
SubClassOf(<http://dbpedia.org/ontology/FootballLeagueSeason> <http://dbpedia.org/ontology/SportsSeason>),1
SubClassOf(<http://dbpedia.org/ontology/FootballLeagueSeason> <http://dbpedia.org/ontology/SportsTeamSeason>),1
SubClassOf(<http://dbpedia.org/ontology/MusicalWork> <http://dbpedia.org/ontology/Work>),1
SubClassOf(<http://dbpedia.org/ontology/GivenName> <http://dbpedia.org/ontology/Name>),1
SubClassOf(<http://dbpedia.org/ontology/SoccerTournament> <http://dbpedia.org/ontology/SportsEvent>),1
SubClassOf(<http://dbpedia.org/ontology/SoccerTournament> <http://dbpedia.org/ontology/Tournament>),1
SubClassOf(<http://dbpedia.org/ontology/SoccerTournament> <http://dbpedia.org/ontology/SocietalEvent>),1
SubClassOf(<http://dbpedia.org/ontology/ChristianBishop> <http://dbpedia.org/ontology/Person>),1
SubClassOf(<http://dbpedia.org/ontology/ChristianBishop> <http://dbpedia.org/ontology/Agent>),1
SubClassOf(<http://dbpedia.org/ontology/SoccerTournament> <http://dbpedia.org/ontology/Event>),1
SubClassOf(<http://dbpedia.org/ontology/MusicalArtist> <http://dbpedia.org/ontology/Person>),1
SubClassOf(<http://dbpedia.org/ontology/Congressman> <http://dbpedia.org/ontology/Politician>),1
SubClassOf(<http://dbpedia.org/ontology/RugbyPlayer> <http://dbpedia.org/ontology/Athlete>),1
SubClassOf(<http://dbpedia.org/ontology/VolleyballPlayer> <http://dbpedia.org/ontology/Person>),1
SubClassOf(<http://dbpedia.org/ontology/VolleyballPlayer> <http://dbpedia.org/ontology/Agent>),1
SubClassOf(<http://dbpedia.org/ontology/PokerPlayer> <http://dbpedia.org/ontology/Agent>),1
SubClassOf(<http://dbpedia.org/ontology/SnookerPlayer> <http://dbpedia.org/ontology/Athlete>),1
SubClassOf(<http://dbpedia.org/ontology/MusicalArtist> <http://dbpedia.org/ontology/Agent>),1
SubClassOf(<http://dbpedia.org/ontology/Cleric> <http://dbpedia.org/ontology/Agent>),1
SubClassOf(<http://dbpedia.org/ontology/Cleric> <http://dbpedia.org/ontology/Person>),1
SubClassOf(<http://dbpedia.org/ontology/Case> <http://dbpedia.org/ontology/UnitOfWork>),1
SubClassOf(<http://dbpedia.org/ontology/LacrossePlayer> <http://dbpedia.org/ontology/Athlete>),1
SubClassOf(<http://dbpedia.org/ontology/MemberOfParliament> <http://dbpedia.org/ontology/Politician>),1
SubClassOf(<http://dbpedia.org/ontology/RadioHost> <http://dbpedia.org/ontology/Person>),1
SubClassOf(<http://dbpedia.org/ontology/RadioHost> <http://dbpedia.org/ontology/Agent>),1
SubClassOf(<http://dbpedia.org/ontology/BadmintonPlayer> <http://dbpedia.org/ontology/Athlete>),1
SubClassOf(<http://dbpedia.org/ontology/Mollusca> <http://dbpedia.org/ontology/Animal>),1
SubClassOf(<http://dbpedia.org/ontology/Mollusca> <http://dbpedia.org/ontology/Eukaryote>),1
SubClassOf(<http://dbpedia.org/ontology/Sales> <http://dbpedia.org/ontology/Activity>),1
SubClassOf(<http://dbpedia.org/ontology/Mollusca> <http://dbpedia.org/ontology/Species>),1
SubClassOf(<http://dbpedia.org/ontology/PlayboyPlaymate> <http://dbpedia.org/ontology/Person>),1
SubClassOf(<http://dbpedia.org/ontology/PlayboyPlaymate> <http://dbpedia.org/ontology/Agent>),1
SubClassOf(<http://dbpedia.org/ontology/VoiceActor> <http://dbpedia.org/ontology/Actor>),1
SubClassOf(<http://dbpedia.org/ontology/VoiceActor> <http://dbpedia.org/ontology/Person>),1
SubClassOf(<http://dbpedia.org/ontology/AdultActor> <http://dbpedia.org/ontology/Person>),1
SubClassOf(<http://dbpedia.org/ontology/NCAATeamSeason> <http://dbpedia.org/ontology/SportsTeamSeason>),1
SubClassOf(<http://dbpedia.org/ontology/NCAATeamSeason> <http://dbpedia.org/ontology/SportsSeason>),1
SubClassOf(<http://dbpedia.org/ontology/CyclingRace> <http://dbpedia.org/ontology/Race>),1
SubClassOf(<http://dbpedia.org/ontology/CyclingRace> <http://dbpedia.org/ontology/Event>),1
SubClassOf(<http://dbpedia.org/ontology/CyclingRace> <http://dbpedia.org/ontology/SocietalEvent>),1
SubClassOf(<http://dbpedia.org/ontology/CyclingRace> <http://dbpedia.org/ontology/SportsEvent>),1
SubClassOf(<http://dbpedia.org/ontology/RugbyPlayer> <http://dbpedia.org/ontology/Person>),1
SubClassOf(<http://dbpedia.org/ontology/SnookerPlayer> <http://dbpedia.org/ontology/Person>),1
SubClassOf(<http://dbpedia.org/ontology/SnookerPlayer> <http://dbpedia.org/ontology/Agent>),1
SubClassOf(<http://dbpedia.org/ontology/MemberOfParliament> <http://dbpedia.org/ontology/Person>),1
SubClassOf(<http://dbpedia.org/ontology/MemberOfParliament> <http://dbpedia.org/ontology/Agent>),1
SubClassOf(<http://dbpedia.org/ontology/SoapCharacter> <http://dbpedia.org/ontology/FictionalCharacter>),1
SubClassOf(<http://dbpedia.org/ontology/Insect> <http://dbpedia.org/ontology/Animal>),1
SubClassOf(<http://dbpedia.org/ontology/AustralianRulesFootballPlayer> <http://dbpedia.org/ontology/Athlete>),1
SubClassOf(<http://dbpedia.org/ontology/AdultActor> <http://dbpedia.org/ontology/Agent>),1
SubClassOf(<http://dbpedia.org/ontology/RugbyPlayer> <http://dbpedia.org/ontology/Agent>),1
SubClassOf(<http://dbpedia.org/ontology/Insect> <http://dbpedia.org/ontology/Eukaryote>),1
SubClassOf(<http://dbpedia.org/ontology/Insect> <http://dbpedia.org/ontology/Species>),1
SubClassOf(<http://dbpedia.org/ontology/Animal> <http://dbpedia.org/ontology/Eukaryote>),1
SubClassOf(<http://dbpedia.org/ontology/SquashPlayer> <http://dbpedia.org/ontology/Person>),1
SubClassOf(<http://dbpedia.org/ontology/SquashPlayer> <http://dbpedia.org/ontology/Athlete>),1
SubClassOf(<http://dbpedia.org/ontology/SquashPlayer> <http://dbpedia.org/ontology/Agent>),1
SubClassOf(<http://dbpedia.org/ontology/Animal> <http://dbpedia.org/ontology/Species>),1
SubClassOf(<http://dbpedia.org/ontology/BasketballPlayer> <http://dbpedia.org/ontology/Athlete>),1
SubClassOf(<http://dbpedia.org/ontology/SumoWrestler> <http://dbpedia.org/ontology/Agent>),1
SubClassOf(<http://dbpedia.org/ontology/SumoWrestler> <http://dbpedia.org/ontology/Athlete>),1
SubClassOf(<http://dbpedia.org/ontology/SumoWrestler> <http://dbpedia.org/ontology/Person>),1
SubClassOf(<http://dbpedia.org/ontology/SumoWrestler> <http://dbpedia.org/ontology/Wrestler>),1
SubClassOf(<http://dbpedia.org/ontology/DartsPlayer> <http://dbpedia.org/ontology/Athlete>),1
SubClassOf(<http://dbpedia.org/ontology/DartsPlayer> <http://dbpedia.org/ontology/Person>),1
SubClassOf(<http://dbpedia.org/ontology/DartsPlayer> <http://dbpedia.org/ontology/Agent>),1
SubClassOf(<http://dbpedia.org/ontology/OfficeHolder> <http://dbpedia.org/ontology/Agent>),1
SubClassOf(<http://dbpedia.org/ontology/OfficeHolder> <http://dbpedia.org/ontology/Person>),1
SubClassOf(<http://dbpedia.org/ontology/SoccerManager> <http://dbpedia.org/ontology/Agent>),1
SubClassOf(<http://dbpedia.org/ontology/SoccerManager> <http://dbpedia.org/ontology/Person>),1
SubClassOf(<http://dbpedia.org/ontology/HandballPlayer> <http://dbpedia.org/ontology/Athlete>),1
SubClassOf(<http://dbpedia.org/ontology/VoiceActor> <http://dbpedia.org/ontology/Agent>),1
SubClassOf(<http://dbpedia.org/ontology/BadmintonPlayer> <http://dbpedia.org/ontology/Person>),1
SubClassOf(<http://dbpedia.org/ontology/BadmintonPlayer> <http://dbpedia.org/ontology/Agent>),1
SubClassOf(<http://dbpedia.org/ontology/SportsEvent> <http://dbpedia.org/ontology/SocietalEvent>),1
SubClassOf(<http://dbpedia.org/ontology/PopulatedPlace> <http://dbpedia.org/ontology/Place>),1
SubClassOf(<http://dbpedia.org/ontology/SoapCharacter> <http://dbpedia.org/ontology/Person>),1
SubClassOf(<http://dbpedia.org/ontology/SoapCharacter> <http://dbpedia.org/ontology/Agent>),1
SubClassOf(<http://dbpedia.org/ontology/SportsEvent> <http://dbpedia.org/ontology/Event>),1
SubClassOf(<http://dbpedia.org/ontology/Congressman> <http://dbpedia.org/ontology/Agent>),1
SubClassOf(<http://dbpedia.org/ontology/Congressman> <http://dbpedia.org/ontology/Person>),1
SubClassOf(<http://dbpedia.org/ontology/BasketballPlayer> <http://dbpedia.org/ontology/Person>),1
SubClassOf(<http://dbpedia.org/ontology/BasketballPlayer> <http://dbpedia.org/ontology/Agent>),1
SubClassOf(<http://dbpedia.org/ontology/RacingDriver> <http://dbpedia.org/ontology/Agent>),1
SubClassOf(<http://dbpedia.org/ontology/RacingDriver> <http://dbpedia.org/ontology/Person>),1
SubClassOf(<http://dbpedia.org/ontology/RacingDriver> <http://dbpedia.org/ontology/MotorsportRacer>),1
SubClassOf(<http://dbpedia.org/ontology/RacingDriver> <http://dbpedia.org/ontology/Athlete>),1
SubClassOf(<http://dbpedia.org/ontology/Infrastructure> <http://dbpedia.org/ontology/ArchitecturalStructure>),1
SubClassOf(<http://dbpedia.org/ontology/MotorcycleRider> <http://dbpedia.org/ontology/Person>),1
SubClassOf(<http://dbpedia.org/ontology/MotorcycleRider> <http://dbpedia.org/ontology/MotorsportRacer>),1
SubClassOf(<http://dbpedia.org/ontology/MotorcycleRider> <http://dbpedia.org/ontology/Agent>),1
SubClassOf(<http://dbpedia.org/ontology/MotorcycleRider> <http://dbpedia.org/ontology/Athlete>),1
SubClassOf(<http://dbpedia.org/ontology/Infrastructure> <http://dbpedia.org/ontology/Place>),1
SubClassOf(<http://dbpedia.org/ontology/AutomobileEngine> <http://dbpedia.org/ontology/Device>),1
SubClassOf(<http://dbpedia.org/ontology/AutomobileEngine> <http://dbpedia.org/ontology/Engine>),1
SubClassOf(<http://dbpedia.org/ontology/NationalFootballLeagueSeason> <http://dbpedia.org/ontology/FootballLeagueSeason>),1
SubClassOf(<http://dbpedia.org/ontology/NationalFootballLeagueSeason> <http://dbpedia.org/ontology/SportsTeamSeason>),1
SubClassOf(<http://dbpedia.org/ontology/NationalFootballLeagueSeason> <http://dbpedia.org/ontology/SportsSeason>),1
SubClassOf(<http://dbpedia.org/ontology/NaturalPlace> <http://dbpedia.org/ontology/Place>),1
SubClassOf(<http://dbpedia.org/ontology/ArchitecturalStructure> <http://dbpedia.org/ontology/Place>),1
SubClassOf(<http://dbpedia.org/ontology/Eukaryote> <http://dbpedia.org/ontology/Species>),1
SubClassOf(<http://dbpedia.org/ontology/GridironFootballPlayer> <http://dbpedia.org/ontology/Agent>),1
SubClassOf(<http://dbpedia.org/ontology/GridironFootballPlayer> <http://dbpedia.org/ontology/Person>),1
SubClassOf(<http://dbpedia.org/ontology/GridironFootballPlayer> <http://dbpedia.org/ontology/Athlete>),1
SubClassOf(<http://dbpedia.org/ontology/SportsTeamSeason> <http://dbpedia.org/ontology/SportsSeason>),1
SubClassOf(<http://dbpedia.org/ontology/SportsTeamMember> <http://dbpedia.org/ontology/Person>),1
SubClassOf(<http://dbpedia.org/ontology/SportsTeamMember> <http://dbpedia.org/ontology/Agent>),1
SubClassOf(<http://dbpedia.org/ontology/EducationalInstitution> <http://dbpedia.org/ontology/Agent>),1
SubClassOf(<http://dbpedia.org/ontology/EducationalInstitution> <http://dbpedia.org/ontology/Organisation>),1
SubClassOf(<http://dbpedia.org/ontology/Ginkgo> <http://dbpedia.org/ontology/Plant>),1
SubClassOf(<http://dbpedia.org/ontology/VolleyballLeague> <http://dbpedia.org/ontology/Organisation>),1
SubClassOf(<http://dbpedia.org/ontology/AustralianRulesFootballPlayer> <http://dbpedia.org/ontology/Agent>),1
SubClassOf(<http://dbpedia.org/ontology/VolleyballLeague> <http://dbpedia.org/ontology/SportsLeague>),1
SubClassOf(<http://dbpedia.org/ontology/SnookerChamp> <http://dbpedia.org/ontology/Agent>),1
SubClassOf(<http://dbpedia.org/ontology/SpeedwayLeague> <http://dbpedia.org/ontology/Agent>),1
SubClassOf(<http://dbpedia.org/ontology/TennisTournament> <http://dbpedia.org/ontology/SocietalEvent>),1
SubClassOf(<http://dbpedia.org/ontology/OlympicResult> <http://dbpedia.org/ontology/SportCompetitionResult>),1
SubClassOf(<http://dbpedia.org/ontology/NationalCollegiateAthleticAssociationAthlete> <http://dbpedia.org/ontology/Athlete>),1
SubClassOf(<http://dbpedia.org/ontology/ClericalAdministrativeRegion> <http://dbpedia.org/ontology/PopulatedPlace>),1
SubClassOf(<http://dbpedia.org/ontology/VideogamesLeague> <http://dbpedia.org/ontology/Agent>),1
SubClassOf(<http://dbpedia.org/ontology/SpeedwayLeague> <http://dbpedia.org/ontology/SportsLeague>),1
SubClassOf(<http://dbpedia.org/ontology/TableTennisPlayer> <http://dbpedia.org/ontology/Person>),1
SubClassOf(<http://dbpedia.org/ontology/SnookerChamp> <http://dbpedia.org/ontology/SnookerPlayer>),1
SubClassOf(<http://dbpedia.org/ontology/WinterSportPlayer> <http://dbpedia.org/ontology/Agent>),1
SubClassOf(<http://dbpedia.org/ontology/MotorcycleRacingLeague> <http://dbpedia.org/ontology/Agent>),1
SubClassOf(<http://dbpedia.org/ontology/TelevisionHost> <http://dbpedia.org/ontology/Presenter>),1
SubClassOf(<http://dbpedia.org/ontology/AustralianFootballLeague> <http://dbpedia.org/ontology/SportsLeague>),1
SubClassOf(<http://dbpedia.org/ontology/SolarEclipse> <http://dbpedia.org/ontology/NaturalEvent>),1
SubClassOf(<http://dbpedia.org/ontology/CanadianFootballLeague> <http://dbpedia.org/ontology/SportsLeague>),1
SubClassOf(<http://dbpedia.org/ontology/FieldHockeyLeague> <http://dbpedia.org/ontology/SportsLeague>),1
SubClassOf(<http://dbpedia.org/ontology/NetballPlayer> <http://dbpedia.org/ontology/Athlete>),1
SubClassOf(<http://dbpedia.org/ontology/TennisLeague> <http://dbpedia.org/ontology/Agent>),1
SubClassOf(<http://dbpedia.org/ontology/SupremeCourtOfTheUnitedStatesCase> <http://dbpedia.org/ontology/UnitOfWork>),1
SubClassOf(<http://dbpedia.org/ontology/NaturalEvent> <http://dbpedia.org/ontology/Event>),1
SubClassOf(<http://dbpedia.org/ontology/TelevisionHost> <http://dbpedia.org/ontology/Person>),1
SubClassOf(<http://dbpedia.org/ontology/AustralianFootballLeague> <http://dbpedia.org/ontology/Agent>),1
SubClassOf(<http://dbpedia.org/ontology/HumanGeneLocation> <http://dbpedia.org/ontology/GeneLocation>),1
SubClassOf(<http://dbpedia.org/ontology/GolfLeague> <http://dbpedia.org/ontology/SportsLeague>),1
SubClassOf(<http://dbpedia.org/ontology/SportsManager> <http://dbpedia.org/ontology/Agent>),1
SubClassOf(<http://dbpedia.org/ontology/CanadianFootballTeam> <http://dbpedia.org/ontology/Organisation>),1
SubClassOf(<http://dbpedia.org/ontology/MixedMartialArtsLeague> <http://dbpedia.org/ontology/Agent>),1
SubClassOf(<http://dbpedia.org/ontology/FieldHockeyLeague> <http://dbpedia.org/ontology/Agent>),1
SubClassOf(<http://dbpedia.org/ontology/TableTennisPlayer> <http://dbpedia.org/ontology/Athlete>),1
SubClassOf(<http://dbpedia.org/ontology/ComedyGroup> <http://dbpedia.org/ontology/Group>),1
SubClassOf(<http://dbpedia.org/ontology/VicePresident> <http://dbpedia.org/ontology/Agent>),1
SubClassOf(<http://dbpedia.org/ontology/LacrossePlayer> <http://dbpedia.org/ontology/Agent>),1
SubClassOf(<http://dbpedia.org/ontology/LacrosseLeague> <http://dbpedia.org/ontology/SportsLeague>),1
SubClassOf(<http://dbpedia.org/ontology/CanadianFootballLeague> <http://dbpedia.org/ontology/Organisation>),1
SubClassOf(<http://dbpedia.org/ontology/SupremeCourtOfTheUnitedStatesCase> <http://dbpedia.org/ontology/LegalCase>),1
SubClassOf(<http://dbpedia.org/ontology/SolarEclipse> <http://dbpedia.org/ontology/Event>),1
SubClassOf(<http://dbpedia.org/ontology/CricketLeague> <http://dbpedia.org/ontology/Agent>),1
SubClassOf(<http://dbpedia.org/ontology/InlineHockeyLeague> <http://dbpedia.org/ontology/Agent>),1
SubClassOf(<http://dbpedia.org/ontology/SportFacility> <http://dbpedia.org/ontology/Place>),1
SubClassOf(<http://dbpedia.org/ontology/PoloLeague> <http://dbpedia.org/ontology/Organisation>),1
SubClassOf(<http://dbpedia.org/ontology/HandballLeague> <http://dbpedia.org/ontology/Agent>),1
SubClassOf(<http://dbpedia.org/ontology/AmateurBoxer> <http://dbpedia.org/ontology/Agent>),1
SubClassOf(<http://dbpedia.org/ontology/TennisTournament> <http://dbpedia.org/ontology/Event>),1
SubClassOf(<http://dbpedia.org/ontology/Gnetophytes> <http://dbpedia.org/ontology/Eukaryote>),1
SubClassOf(<http://dbpedia.org/ontology/AmusementParkAttraction> <http://dbpedia.org/ontology/ArchitecturalStructure>),1
SubClassOf(<http://dbpedia.org/ontology/ClericalAdministrativeRegion> <http://dbpedia.org/ontology/AdministrativeRegion>),1
SubClassOf(<http://dbpedia.org/ontology/BritishRoyalty> <http://dbpedia.org/ontology/Agent>),1
SubClassOf(<http://dbpedia.org/ontology/FormulaOneTeam> <http://dbpedia.org/ontology/SportsTeam>),1
SubClassOf(<http://dbpedia.org/ontology/UnitOfWork> <http://dbpedia.org/ontology/LegalCase>),1
SubClassOf(<http://dbpedia.org/ontology/SnookerChamp> <http://dbpedia.org/ontology/Athlete>),1
SubClassOf(<http://dbpedia.org/ontology/ComedyGroup> <http://dbpedia.org/ontology/Organisation>),1
SubClassOf(<http://dbpedia.org/ontology/TennisTournament> <http://dbpedia.org/ontology/SportsEvent>),1
SubClassOf(<http://dbpedia.org/ontology/GolfLeague> <http://dbpedia.org/ontology/Organisation>),1
SubClassOf(<http://dbpedia.org/ontology/OrganisationMember> <http://dbpedia.org/ontology/Agent>),1
SubClassOf(<http://dbpedia.org/ontology/HandballPlayer> <http://dbpedia.org/ontology/Agent>),1
SubClassOf(<http://dbpedia.org/ontology/AutoRacingLeague> <http://dbpedia.org/ontology/SportsLeague>),1
SubClassOf(<http://dbpedia.org/ontology/SoftballLeague> <http://dbpedia.org/ontology/SportsLeague>),1
SubClassOf(<http://dbpedia.org/ontology/MouseGene> <http://dbpedia.org/ontology/Biomolecule>),1
SubClassOf(<http://dbpedia.org/ontology/CanadianFootballTeam> <http://dbpedia.org/ontology/Agent>),1
SubClassOf(<http://dbpedia.org/ontology/AustralianFootballTeam> <http://dbpedia.org/ontology/Organisation>),1
SubClassOf(<http://dbpedia.org/ontology/ClericalAdministrativeRegion> <http://dbpedia.org/ontology/Region>),1
SubClassOf(<http://dbpedia.org/ontology/CricketGround> <http://dbpedia.org/ontology/SportFacility>),1
SubClassOf(<http://dbpedia.org/ontology/PoloLeague> <http://dbpedia.org/ontology/SportsLeague>),1
SubClassOf(<http://dbpedia.org/ontology/SoccerManager> <http://dbpedia.org/ontology/SportsManager>),1
SubClassOf(<http://dbpedia.org/ontology/MotorcycleRacingLeague> <http://dbpedia.org/ontology/Organisation>),1
SubClassOf(<http://dbpedia.org/ontology/VideogamesLeague> <http://dbpedia.org/ontology/Organisation>),1
SubClassOf(<http://dbpedia.org/ontology/VolleyballCoach> <http://dbpedia.org/ontology/Coach>),1
SubClassOf(<http://dbpedia.org/ontology/TennisLeague> <http://dbpedia.org/ontology/SportsLeague>),1
SubClassOf(<http://dbpedia.org/ontology/WaterRide> <http://dbpedia.org/ontology/Place>),1
SubClassOf(<http://dbpedia.org/ontology/Ginkgo> <http://dbpedia.org/ontology/Eukaryote>),1
SubClassOf(<http://dbpedia.org/ontology/AustralianRulesFootballPlayer> <http://dbpedia.org/ontology/Person>),1
SubClassOf(<http://dbpedia.org/ontology/Olympics> <http://dbpedia.org/ontology/SocietalEvent>),1
SubClassOf(<http://dbpedia.org/ontology/MouseGene> <http://dbpedia.org/ontology/Gene>),1
SubClassOf(<http://dbpedia.org/ontology/TableTennisPlayer> <http://dbpedia.org/ontology/Agent>),1
SubClassOf(<http://dbpedia.org/ontology/NetballPlayer> <http://dbpedia.org/ontology/Person>),1
SubClassOf(<http://dbpedia.org/ontology/FloweringPlant> <http://dbpedia.org/ontology/Species>),1
SubClassOf(<http://dbpedia.org/ontology/SoftballLeague> <http://dbpedia.org/ontology/Organisation>),1
SubClassOf(<http://dbpedia.org/ontology/ComedyGroup> <http://dbpedia.org/ontology/Agent>),1
SubClassOf(<http://dbpedia.org/ontology/BeachVolleyballPlayer> <http://dbpedia.org/ontology/Person>),1
SubClassOf(<http://dbpedia.org/ontology/AutoRacingLeague> <http://dbpedia.org/ontology/Organisation>),1
SubClassOf(<http://dbpedia.org/ontology/SupremeCourtOfTheUnitedStatesCase> <http://dbpedia.org/ontology/Case>),1
SubClassOf(<http://dbpedia.org/ontology/CurlingLeague> <http://dbpedia.org/ontology/SportsLeague>),1
SubClassOf(<http://dbpedia.org/ontology/BritishRoyalty> <http://dbpedia.org/ontology/Royalty>),1
SubClassOf(<http://dbpedia.org/ontology/CricketGround> <http://dbpedia.org/ontology/Place>),1
SubClassOf(<http://dbpedia.org/ontology/FormulaOneTeam> <http://dbpedia.org/ontology/Organisation>),1
SubClassOf(<http://dbpedia.org/ontology/Diocese> <http://dbpedia.org/ontology/ClericalAdministrativeRegion>),1
SubClassOf(<http://dbpedia.org/ontology/YearInSpaceflight> <http://dbpedia.org/ontology/TimePeriod>),1
SubClassOf(<http://dbpedia.org/ontology/MixedMartialArtsLeague> <http://dbpedia.org/ontology/SportsLeague>),1
SubClassOf(<http://dbpedia.org/ontology/MotorcycleRacingLeague> <http://dbpedia.org/ontology/SportsLeague>),1
SubClassOf(<http://dbpedia.org/ontology/TennisLeague> <http://dbpedia.org/ontology/Organisation>),1
SubClassOf(<http://dbpedia.org/ontology/CanadianFootballTeam> <http://dbpedia.org/ontology/SportsTeam>),1
SubClassOf(<http://dbpedia.org/ontology/VolleyballLeague> <http://dbpedia.org/ontology/Agent>),1
SubClassOf(<http://dbpedia.org/ontology/BeachVolleyballPlayer> <http://dbpedia.org/ontology/Agent>),1
SubClassOf(<http://dbpedia.org/ontology/AustralianFootballTeam> <http://dbpedia.org/ontology/Agent>),1
SubClassOf(<http://dbpedia.org/ontology/LegalCase> <http://dbpedia.org/ontology/Case>),1
SubClassOf(<http://dbpedia.org/ontology/AutoRacingLeague> <http://dbpedia.org/ontology/Agent>),1
SubClassOf(<http://dbpedia.org/ontology/VolleyballCoach> <http://dbpedia.org/ontology/Person>),1
SubClassOf(<http://dbpedia.org/ontology/BeachVolleyballPlayer> <http://dbpedia.org/ontology/VolleyballPlayer>),1
SubClassOf(<http://dbpedia.org/ontology/HandballLeague> <http://dbpedia.org/ontology/Organisation>),1
SubClassOf(<http://dbpedia.org/ontology/AmateurBoxer> <http://dbpedia.org/ontology/Boxer>),1
SubClassOf(<http://dbpedia.org/ontology/Gnetophytes> <http://dbpedia.org/ontology/Species>),1
SubClassOf(<http://dbpedia.org/ontology/SpeedwayLeague> <http://dbpedia.org/ontology/Organisation>),1
SubClassOf(<http://dbpedia.org/ontology/SoftballLeague> <http://dbpedia.org/ontology/Agent>),1
SubClassOf(<http://dbpedia.org/ontology/CollegeCoach> <http://dbpedia.org/ontology/Agent>),1
SubClassOf(<http://dbpedia.org/ontology/Olympics> <http://dbpedia.org/ontology/SportsEvent>),1
SubClassOf(<http://dbpedia.org/ontology/FieldHockeyLeague> <http://dbpedia.org/ontology/Organisation>),1
SubClassOf(<http://dbpedia.org/ontology/ClericalAdministrativeRegion> <http://dbpedia.org/ontology/Place>),1
SubClassOf(<http://dbpedia.org/ontology/TelevisionHost> <http://dbpedia.org/ontology/Agent>),1
SubClassOf(<http://dbpedia.org/ontology/AmericanFootballCoach> <http://dbpedia.org/ontology/Person>),1
SubClassOf(<http://dbpedia.org/ontology/HandballLeague> <http://dbpedia.org/ontology/SportsLeague>),1
SubClassOf(<http://dbpedia.org/ontology/ResearchProject> <http://dbpedia.org/ontology/UnitOfWork>),1
SubClassOf(<http://dbpedia.org/ontology/PoloLeague> <http://dbpedia.org/ontology/Agent>),1
SubClassOf(<http://dbpedia.org/ontology/WinterSportPlayer> <http://dbpedia.org/ontology/Athlete>),1
SubClassOf(<http://dbpedia.org/ontology/SportsManager> <http://dbpedia.org/ontology/Person>),1
SubClassOf(<http://dbpedia.org/ontology/PeriodicalLiterature> <http://dbpedia.org/ontology/WrittenWork>),1
SubClassOf(<http://dbpedia.org/ontology/BritishRoyalty> <http://dbpedia.org/ontology/Person>),1
SubClassOf(<http://dbpedia.org/ontology/SnookerChamp> <http://dbpedia.org/ontology/Person>),1
SubClassOf(<http://dbpedia.org/ontology/CollegeCoach> <http://dbpedia.org/ontology/Coach>),1
SubClassOf(<http://dbpedia.org/ontology/CurlingLeague> <http://dbpedia.org/ontology/Organisation>),1
SubClassOf(<http://dbpedia.org/ontology/AmateurBoxer> <http://dbpedia.org/ontology/Person>),1
SubClassOf(<http://dbpedia.org/ontology/Ginkgo> <http://dbpedia.org/ontology/Species>),1
SubClassOf(<http://dbpedia.org/ontology/LacrosseLeague> <http://dbpedia.org/ontology/Organisation>),1
SubClassOf(<http://dbpedia.org/ontology/Gnetophytes> <http://dbpedia.org/ontology/Plant>),1
SubClassOf(<http://dbpedia.org/ontology/MotorsportRacer> <http://dbpedia.org/ontology/Athlete>),1
SubClassOf(<http://dbpedia.org/ontology/GolfLeague> <http://dbpedia.org/ontology/Agent>),1
SubClassOf(<http://dbpedia.org/ontology/MouseGeneLocation> <http://dbpedia.org/ontology/GeneLocation>),1
SubClassOf(<http://dbpedia.org/ontology/AustralianFootballLeague> <http://dbpedia.org/ontology/Organisation>),1
SubClassOf(<http://dbpedia.org/ontology/SportsTeamMember> <http://dbpedia.org/ontology/OrganisationMember>),1
SubClassOf(<http://dbpedia.org/ontology/PeriodicalLiterature> <http://dbpedia.org/ontology/Work>),1
SubClassOf(<http://dbpedia.org/ontology/CurlingLeague> <http://dbpedia.org/ontology/Agent>),1
SubClassOf(<http://dbpedia.org/ontology/FormulaOneTeam> <http://dbpedia.org/ontology/Agent>),1
SubClassOf(<http://dbpedia.org/ontology/AmateurBoxer> <http://dbpedia.org/ontology/Athlete>),1
SubClassOf(<http://dbpedia.org/ontology/CricketLeague> <http://dbpedia.org/ontology/SportsLeague>),1
SubClassOf(<http://dbpedia.org/ontology/CricketLeague> <http://dbpedia.org/ontology/Organisation>),1
SubClassOf(<http://dbpedia.org/ontology/VicePresident> <http://dbpedia.org/ontology/Person>),1
SubClassOf(<http://dbpedia.org/ontology/LacrossePlayer> <http://dbpedia.org/ontology/Person>),1
SubClassOf(<http://dbpedia.org/ontology/NationalCollegiateAthleticAssociationAthlete> <http://dbpedia.org/ontology/Person>),1
SubClassOf(<http://dbpedia.org/ontology/AmericanFootballCoach> <http://dbpedia.org/ontology/Coach>),1
SubClassOf(<http://dbpedia.org/ontology/VideogamesLeague> <http://dbpedia.org/ontology/SportsLeague>),1
SubClassOf(<http://dbpedia.org/ontology/CanadianFootballLeague> <http://dbpedia.org/ontology/Agent>),1
SubClassOf(<http://dbpedia.org/ontology/WaterRide> <http://dbpedia.org/ontology/ArchitecturalStructure>),1
SubClassOf(<http://dbpedia.org/ontology/Baronet> <http://dbpedia.org/ontology/BritishRoyalty>),1
SubClassOf(<http://dbpedia.org/ontology/VolleyballCoach> <http://dbpedia.org/ontology/Agent>),1
SubClassOf(<http://dbpedia.org/ontology/OrganisationMember> <http://dbpedia.org/ontology/Person>),1
SubClassOf(<http://dbpedia.org/ontology/NetballPlayer> <http://dbpedia.org/ontology/Agent>),1
SubClassOf(<http://dbpedia.org/ontology/SnookerWorldRanking> <http://dbpedia.org/ontology/SportCompetitionResult>),1
SubClassOf(<http://dbpedia.org/ontology/MotorsportRacer> <http://dbpedia.org/ontology/Person>),1
SubClassOf(<http://dbpedia.org/ontology/CollegeCoach> <http://dbpedia.org/ontology/Person>),1
SubClassOf(<http://dbpedia.org/ontology/InlineHockeyLeague> <http://dbpedia.org/ontology/Organisation>),1
SubClassOf(<http://dbpedia.org/ontology/AmericanFootballCoach> <http://dbpedia.org/ontology/Agent>),1
SubClassOf(<http://dbpedia.org/ontology/HandballPlayer> <http://dbpedia.org/ontology/Person>),1
SubClassOf(<http://dbpedia.org/ontology/AustralianFootballTeam> <http://dbpedia.org/ontology/SportsTeam>),1
SubClassOf(<http://dbpedia.org/ontology/FloweringPlant> <http://dbpedia.org/ontology/Plant>),1
SubClassOf(<http://dbpedia.org/ontology/ResearchProject> <http://dbpedia.org/ontology/Project>),1
SubClassOf(<http://dbpedia.org/ontology/TennisTournament> <http://dbpedia.org/ontology/Tournament>),1
SubClassOf(<http://dbpedia.org/ontology/MixedMartialArtsLeague> <http://dbpedia.org/ontology/Organisation>),1
SubClassOf(<http://dbpedia.org/ontology/SpaceStation> <http://dbpedia.org/ontology/MeanOfTransportation>),1
SubClassOf(<http://dbpedia.org/ontology/NationalCollegiateAthleticAssociationAthlete> <http://dbpedia.org/ontology/Agent>),1
SubClassOf(<http://dbpedia.org/ontology/MotorsportRacer> <http://dbpedia.org/ontology/Agent>),1
SubClassOf(<http://dbpedia.org/ontology/WinterSportPlayer> <http://dbpedia.org/ontology/Person>),1
SubClassOf(<http://dbpedia.org/ontology/BeachVolleyballPlayer> <http://dbpedia.org/ontology/Athlete>),1
SubClassOf(<http://dbpedia.org/ontology/WaterRide> <http://dbpedia.org/ontology/AmusementParkAttraction>),1
SubClassOf(<http://dbpedia.org/ontology/LacrosseLeague> <http://dbpedia.org/ontology/Agent>),1
SubClassOf(<http://dbpedia.org/ontology/FloweringPlant> <http://dbpedia.org/ontology/Eukaryote>),1
SubClassOf(<http://dbpedia.org/ontology/AmusementParkAttraction> <http://dbpedia.org/ontology/Place>),1
